M,type,N1,N2,N3
1,TRIA,1,2,3
2,TRIA,4,2,1
3,TRIA,2,5,3
4,TRIA,2,6,5
5,TRIA,3,7,1
6,TRIA,8,9,10
7,TRIA,8,11,9
8,TRIA,11,12,9
9,TRIA,11,13,12
10,TRIA,14,15,8
11,TRIA,14,10,16
12,TRIA,8,10,14
13,TRIA,16,17,14
14,TRIA,18,19,17
15,TRIA,17,19,20
16,TRIA,20,21,17
17,TRIA,17,21,14
18,TRIA,22,23,24
19,TRIA,25,22,24
20,TRIA,26,22,25
21,TRIA,26,25,27
22,TRIA,22,26,28
23,TRIA,29,23,30
24,TRIA,30,23,22
25,TRIA,30,22,28
26,TRIA,31,29,30
27,TRIA,31,32,29
28,TRIA,30,33,31
29,TRIA,30,28,33
30,TRIA,34,35,36
31,TRIA,35,37,36
32,TRIA,38,34,36
33,TRIA,37,39,36
34,TRIA,36,39,40
35,TRIA,38,36,41
36,TRIA,42,41,36
37,TRIA,43,41,42
38,TRIA,43,42,44
39,TRIA,45,42,36
40,TRIA,46,36,40
41,TRIA,47,48,49
42,TRIA,49,50,51
43,TRIA,51,34,38
44,TRIA,49,51,38
45,TRIA,47,49,38
46,TRIA,47,38,41
47,TRIA,52,53,54
48,TRIA,55,53,52
49,TRIA,56,52,54
50,TRIA,57,58,59
51,TRIA,57,60,58
52,TRIA,61,57,59
53,TRIA,62,57,61
54,TRIA,63,64,65
55,TRIA,63,65,66
56,TRIA,60,64,63
57,TRIA,60,57,64
58,TRIA,67,68,69
59,TRIA,69,68,70
60,TRIA,70,68,71
61,TRIA,72,70,73
62,TRIA,69,70,72
63,TRIA,74,72,73
64,TRIA,75,74,76
65,TRIA,76,74,73
66,TRIA,77,78,75
67,TRIA,79,78,77
68,TRIA,80,78,79
69,TRIA,77,75,76
70,TRIA,81,80,82
71,TRIA,82,80,79
72,TRIA,83,81,82
73,TRIA,84,81,83
74,TRIA,84,83,85
75,TRIA,86,84,85
76,TRIA,87,86,88
77,TRIA,89,86,87
78,TRIA,88,86,85
79,TRIA,87,88,90
80,TRIA,91,92,93
81,TRIA,91,94,92
82,TRIA,95,96,97
83,TRIA,95,97,98
84,TRIA,98,97,99
85,TRIA,98,99,100
86,TRIA,66,101,102
87,TRIA,66,65,101
88,TRIA,103,104,105
89,TRIA,103,105,106
90,TRIA,102,101,106
91,TRIA,105,102,106
92,TRIA,103,107,108
93,TRIA,109,103,110
94,TRIA,109,104,103
95,TRIA,110,103,108
96,TRIA,111,110,112
97,TRIA,111,109,110
98,TRIA,113,114,112
99,TRIA,112,114,111
100,TRIA,113,54,115
101,TRIA,113,56,54
102,TRIA,116,59,58
103,TRIA,117,59,116
104,TRIA,116,118,117
105,TRIA,117,118,119
106,TRIA,120,121,122
107,TRIA,120,119,121
108,TRIA,123,124,125
109,TRIA,122,124,123
110,TRIA,123,120,122
111,TRIA,125,124,126
112,TRIA,126,124,127
113,TRIA,128,53,55
114,TRIA,129,53,128
115,TRIA,130,127,129
116,TRIA,126,127,130
117,TRIA,131,130,129
118,TRIA,129,128,131
119,TRIA,132,115,133
120,TRIA,132,134,115
121,TRIA,135,133,136
122,TRIA,135,132,133
123,TRIA,137,138,139
124,TRIA,139,138,140
125,TRIA,141,142,143
126,TRIA,144,142,141
127,TRIA,140,143,139
128,TRIA,145,143,140
129,TRIA,141,143,145
130,TRIA,146,147,148
131,TRIA,146,149,147
132,TRIA,148,150,151
133,TRIA,148,147,150
134,TRIA,152,92,153
135,TRIA,152,153,154
136,TRIA,152,93,92
137,TRIA,153,100,154
138,TRIA,100,99,154
139,TRIA,155,156,157
140,TRIA,155,158,156
141,TRIA,157,159,155
142,TRIA,157,160,159
143,TRIA,161,162,163
144,TRIA,164,165,166
145,TRIA,163,164,161
146,TRIA,167,164,163
147,TRIA,161,164,166
148,TRIA,161,166,94
149,TRIA,166,165,168
150,TRIA,94,169,92
151,TRIA,166,169,94
152,TRIA,168,169,166
153,TRIA,28,170,171
154,TRIA,172,173,50
155,TRIA,174,173,172
156,TRIA,172,50,175
157,TRIA,176,50,33
158,TRIA,175,50,176
159,TRIA,177,176,33
160,TRIA,178,177,33
161,TRIA,33,171,178
162,TRIA,28,171,33
163,TRIA,179,180,181
164,TRIA,180,182,181
165,TRIA,23,182,24
166,TRIA,23,29,182
167,TRIA,180,24,182
168,TRIA,183,181,182
169,TRIA,184,181,183
170,TRIA,183,185,186
171,TRIA,182,185,183
172,TRIA,32,187,182
173,TRIA,32,182,29
174,TRIA,168,188,169
175,TRIA,169,188,153
176,TRIA,153,188,98
177,TRIA,98,188,95
178,TRIA,98,100,153
179,TRIA,169,153,92
180,TRIA,167,189,190
181,TRIA,191,163,162
182,TRIA,189,163,191
183,TRIA,167,163,189
184,TRIA,192,193,37
185,TRIA,37,193,39
186,TRIA,194,193,192
187,TRIA,192,195,194
188,TRIA,195,192,173
189,TRIA,173,192,196
190,TRIA,196,192,37
191,TRIA,37,35,196
192,TRIA,170,197,171
193,TRIA,170,198,197
194,TRIA,198,199,197
195,TRIA,198,200,199
196,TRIA,201,175,176
197,TRIA,202,175,201
198,TRIA,203,175,202
199,TRIA,172,175,203
200,TRIA,202,201,204
201,TRIA,205,203,202
202,TRIA,206,207,187
203,TRIA,208,207,206
204,TRIA,187,207,182
205,TRIA,187,32,31
206,TRIA,31,33,206
207,TRIA,31,206,187
208,TRIA,48,47,209
209,TRIA,47,41,43
210,TRIA,209,47,43
211,TRIA,48,209,210
212,TRIA,190,189,211
213,TRIA,211,189,212
214,TRIA,212,189,191
215,TRIA,191,213,212
216,TRIA,151,214,215
217,TRIA,151,150,214
218,TRIA,216,215,214
219,TRIA,216,217,218
220,TRIA,216,218,215
221,TRIA,216,219,220
222,TRIA,216,214,219
223,TRIA,216,220,221
224,TRIA,222,223,224
225,TRIA,224,223,225
226,TRIA,226,227,228
227,TRIA,226,229,227
228,TRIA,229,230,227
229,TRIA,229,231,230
230,TRIA,232,233,234
231,TRIA,232,235,233
232,TRIA,236,237,238
233,TRIA,234,237,236
234,TRIA,236,232,234
235,TRIA,238,237,239
236,TRIA,239,237,240
237,TRIA,241,242,243
238,TRIA,244,242,241
239,TRIA,245,240,244
240,TRIA,239,240,245
241,TRIA,246,245,244
242,TRIA,244,241,246
243,TRIA,247,248,249
244,TRIA,247,250,248
245,TRIA,251,249,252
246,TRIA,251,247,249
247,TRIA,253,249,248
248,TRIA,253,254,249
249,TRIA,254,252,249
250,TRIA,254,255,252
251,TRIA,255,256,257
252,TRIA,255,254,256
253,TRIA,254,242,256
254,TRIA,254,253,242
255,TRIA,258,256,244
256,TRIA,257,256,258
257,TRIA,244,256,242
258,TRIA,257,258,259
259,TRIA,260,261,262
260,TRIA,260,263,261
261,TRIA,263,264,261
262,TRIA,263,265,264
263,TRIA,211,266,267
264,TRIA,211,212,266
265,TRIA,212,268,266
266,TRIA,212,213,268
267,TRIA,96,269,194
268,TRIA,95,269,96
269,TRIA,160,96,194
270,TRIA,270,200,268
271,TRIA,270,199,200
272,TRIA,213,270,268
273,TRIA,191,270,213
274,TRIA,271,272,273
275,TRIA,271,274,272
276,TRIA,273,275,271
277,TRIA,276,275,277
278,TRIA,277,275,278
279,TRIA,273,278,275
280,TRIA,279,277,280
281,TRIA,279,276,277
282,TRIA,272,274,281
283,TRIA,279,280,281
284,TRIA,280,282,281
285,TRIA,272,281,282
286,TRIA,283,284,285
287,TRIA,283,285,286
288,TRIA,199,270,286
289,TRIA,285,199,286
290,TRIA,271,275,274
291,TRIA,275,279,281
292,TRIA,275,276,279
293,TRIA,275,281,274
294,TRIA,287,288,289
295,TRIA,287,290,288
296,TRIA,291,292,293
297,TRIA,293,294,289
298,TRIA,293,289,288
299,TRIA,293,292,294
300,TRIA,292,295,296
301,TRIA,292,291,295
302,TRIA,295,297,296
303,TRIA,297,287,298
304,TRIA,297,298,296
305,TRIA,297,290,287
306,TRIA,296,298,292
307,TRIA,298,289,294
308,TRIA,298,294,292
309,TRIA,298,287,289
310,TRIA,284,299,204
311,TRIA,284,283,299
312,TRIA,202,300,154
313,TRIA,202,154,205
314,TRIA,204,300,202
315,TRIA,204,299,300
316,TRIA,301,302,303
317,TRIA,301,304,302
318,TRIA,303,305,301
319,TRIA,306,307,308
320,TRIA,308,307,305
321,TRIA,305,307,301
322,TRIA,309,308,310
323,TRIA,309,306,308
324,TRIA,261,264,311
325,TRIA,312,313,311
326,TRIA,314,313,312
327,TRIA,311,313,261
328,TRIA,261,313,262
329,TRIA,315,312,311
330,TRIA,197,178,171
331,TRIA,285,178,197
332,TRIA,316,178,285
333,TRIA,177,178,316
334,TRIA,285,197,199
335,TRIA,284,316,285
336,TRIA,177,201,176
337,TRIA,177,316,201
338,TRIA,316,204,201
339,TRIA,316,284,204
340,TRIA,203,317,172
341,TRIA,172,317,174
342,TRIA,203,318,317
343,TRIA,203,205,318
344,TRIA,154,99,156
345,TRIA,318,154,158
346,TRIA,318,205,154
347,TRIA,158,154,156
348,TRIA,155,174,317
349,TRIA,159,174,155
350,TRIA,317,158,155
351,TRIA,317,318,158
352,TRIA,149,319,320
353,TRIA,146,321,149
354,TRIA,149,321,319
355,TRIA,319,321,322
356,TRIA,322,323,319
357,TRIA,324,325,326
358,TRIA,324,327,325
359,TRIA,206,50,49
360,TRIA,206,33,50
361,TRIA,49,208,206
362,TRIA,49,48,208
363,TRIA,302,304,328
364,TRIA,309,310,329
365,TRIA,310,328,329
366,TRIA,328,304,329
367,TRIA,301,307,304
368,TRIA,307,309,329
369,TRIA,307,329,304
370,TRIA,307,306,309
371,TRIA,330,331,332
372,TRIA,330,333,331
373,TRIA,159,194,195
374,TRIA,159,160,194
375,TRIA,267,266,170
376,TRIA,170,266,198
377,TRIA,198,266,268
378,TRIA,268,200,198
379,TRIA,334,335,336
380,TRIA,337,336,332
381,TRIA,337,332,331
382,TRIA,334,336,337
383,TRIA,335,338,339
384,TRIA,335,334,338
385,TRIA,338,340,339
386,TRIA,341,330,340
387,TRIA,338,341,340
388,TRIA,341,333,330
389,TRIA,167,342,164
390,TRIA,164,342,343
391,TRIA,188,269,95
392,TRIA,344,269,188
393,TRIA,165,344,168
394,TRIA,165,343,344
395,TRIA,164,343,165
396,TRIA,344,188,168
397,TRIA,190,342,167
398,TRIA,27,342,190
399,TRIA,27,190,211
400,TRIA,345,346,347
401,TRIA,345,348,346
402,TRIA,345,349,350
403,TRIA,348,345,350
404,TRIA,351,348,350
405,TRIA,352,353,354
406,TRIA,355,353,352
407,TRIA,354,353,356
408,TRIA,355,352,357
409,TRIA,353,358,356
410,TRIA,353,359,358
411,TRIA,359,355,360
412,TRIA,359,353,355
413,TRIA,361,359,362
414,TRIA,362,359,360
415,TRIA,358,359,361
416,TRIA,361,363,358
417,TRIA,364,365,366
418,TRIA,367,368,366
419,TRIA,366,368,369
420,TRIA,369,368,370
421,TRIA,364,366,369
422,TRIA,364,369,371
423,TRIA,368,372,370
424,TRIA,370,372,373
425,TRIA,374,372,368
426,TRIA,368,367,374
427,TRIA,375,207,208
428,TRIA,375,376,207
429,TRIA,376,182,207
430,TRIA,376,185,182
431,TRIA,377,378,379
432,TRIA,380,379,378
433,TRIA,377,379,381
434,TRIA,379,382,381
435,TRIA,383,384,385
436,TRIA,383,386,384
437,TRIA,385,387,383
438,TRIA,385,388,387
439,TRIA,389,390,391
440,TRIA,389,392,390
441,TRIA,315,393,394
442,TRIA,315,395,393
443,TRIA,396,397,398
444,TRIA,396,398,399
445,TRIA,394,393,399
446,TRIA,398,394,399
447,TRIA,400,401,402
448,TRIA,403,404,401
449,TRIA,403,405,404
450,TRIA,400,403,401
451,TRIA,406,407,408
452,TRIA,409,407,406
453,TRIA,410,407,409
454,TRIA,411,407,410
455,TRIA,412,413,414
456,TRIA,414,413,415
457,TRIA,412,416,417
458,TRIA,409,417,416
459,TRIA,409,406,417
460,TRIA,412,414,416
461,TRIA,392,418,390
462,TRIA,392,419,418
463,TRIA,420,421,419
464,TRIA,419,421,418
465,TRIA,422,423,424
466,TRIA,422,425,423
467,TRIA,425,426,423
468,TRIA,425,427,426
469,TRIA,208,428,429
470,TRIA,428,48,384
471,TRIA,208,429,382
472,TRIA,210,430,388
473,TRIA,48,210,388
474,TRIA,48,388,385
475,TRIA,379,375,382
476,TRIA,382,375,208
477,TRIA,48,385,384
478,TRIA,428,208,48
479,TRIA,429,428,431
480,TRIA,432,429,431
481,TRIA,382,429,432
482,TRIA,382,432,381
483,TRIA,433,434,387
484,TRIA,433,388,430
485,TRIA,387,388,433
486,TRIA,430,435,433
487,TRIA,433,435,436
488,TRIA,436,435,437
489,TRIA,438,439,435
490,TRIA,435,439,437
491,TRIA,440,441,380
492,TRIA,440,380,442
493,TRIA,380,378,442
494,TRIA,440,443,441
495,TRIA,377,381,432
496,TRIA,432,431,377
497,TRIA,377,431,440
498,TRIA,377,440,442
499,TRIA,377,442,378
500,TRIA,384,386,428
501,TRIA,428,386,431
502,TRIA,434,386,383
503,TRIA,437,386,434
504,TRIA,437,434,436
505,TRIA,387,434,383
506,TRIA,436,434,433
507,TRIA,439,443,440
508,TRIA,439,440,437
509,TRIA,440,386,437
510,TRIA,440,431,386
511,TRIA,444,445,446
512,TRIA,446,445,447
513,TRIA,243,448,449
514,TRIA,450,451,452
515,TRIA,449,451,450
516,TRIA,449,450,243
517,TRIA,444,446,453
518,TRIA,453,454,455
519,TRIA,455,454,456
520,TRIA,454,457,456
521,TRIA,453,455,444
522,TRIA,453,458,454
523,TRIA,459,458,453
524,TRIA,395,458,459
525,TRIA,453,446,459
526,TRIA,460,446,447
527,TRIA,459,460,393
528,TRIA,459,393,395
529,TRIA,459,446,460
530,TRIA,460,461,399
531,TRIA,399,461,396
532,TRIA,447,461,460
533,TRIA,399,393,460
534,TRIA,462,449,448
535,TRIA,463,451,449
536,TRIA,463,464,451
537,TRIA,462,463,449
538,TRIA,461,445,465
539,TRIA,461,465,396
540,TRIA,461,447,445
541,TRIA,465,452,396
542,TRIA,452,451,396
543,TRIA,466,464,463
544,TRIA,466,467,464
545,TRIA,463,468,466
546,TRIA,463,462,468
547,TRIA,232,469,235
548,TRIA,232,470,469
549,TRIA,470,471,469
550,TRIA,470,472,471
551,TRIA,473,457,474
552,TRIA,456,457,473
553,TRIA,474,238,473
554,TRIA,474,236,238
555,TRIA,470,457,472
556,TRIA,474,457,470
557,TRIA,470,232,474
558,TRIA,474,232,236
559,TRIA,239,245,475
560,TRIA,444,455,475
561,TRIA,475,455,239
562,TRIA,473,455,456
563,TRIA,239,455,473
564,TRIA,239,473,238
565,TRIA,246,475,245
566,TRIA,246,476,475
567,TRIA,476,444,475
568,TRIA,476,445,444
569,TRIA,477,478,479
570,TRIA,478,480,479
571,TRIA,481,482,483
572,TRIA,484,485,486
573,TRIA,487,410,488
574,TRIA,410,489,488
575,TRIA,485,490,486
576,TRIA,482,491,483
577,TRIA,483,90,481
578,TRIA,71,492,493
579,TRIA,494,416,495
580,TRIA,494,409,416
581,TRIA,495,414,496
582,TRIA,82,497,83
583,TRIA,498,497,82
584,TRIA,83,497,499
585,TRIA,85,499,500
586,TRIA,83,499,85
587,TRIA,485,501,490
588,TRIA,490,501,502
589,TRIA,502,501,503
590,TRIA,504,505,503
591,TRIA,504,506,505
592,TRIA,502,503,505
593,TRIA,507,508,509
594,TRIA,507,510,508
595,TRIA,509,506,504
596,TRIA,511,510,507
597,TRIA,511,512,510
598,TRIA,509,508,506
599,TRIA,513,514,515
600,TRIA,513,516,514
601,TRIA,515,351,517
602,TRIA,518,70,519
603,TRIA,518,73,70
604,TRIA,73,520,76
605,TRIA,77,76,521
606,TRIA,521,76,520
607,TRIA,73,518,520
608,TRIA,522,77,521
609,TRIA,79,77,522
610,TRIA,523,524,525
611,TRIA,523,526,524
612,TRIA,525,527,528
613,TRIA,525,524,527
614,TRIA,528,529,530
615,TRIA,531,526,523
616,TRIA,531,532,526
617,TRIA,351,350,533
618,TRIA,351,533,517
619,TRIA,515,514,351
620,TRIA,516,534,535
621,TRIA,516,513,534
622,TRIA,535,536,537
623,TRIA,535,534,536
624,TRIA,537,532,531
625,TRIA,71,519,70
626,TRIA,492,480,493
627,TRIA,538,480,492
628,TRIA,480,538,479
629,TRIA,537,536,532
630,TRIA,528,527,529
631,TRIA,478,530,529
632,TRIA,478,477,530
633,TRIA,79,522,498
634,TRIA,481,90,539
635,TRIA,539,90,88
636,TRIA,500,539,88
637,TRIA,85,500,88
638,TRIA,498,82,79
639,TRIA,71,493,519
640,TRIA,512,487,488
641,TRIA,512,511,487
642,TRIA,486,540,484
643,TRIA,484,540,541
644,TRIA,541,540,542
645,TRIA,482,543,491
646,TRIA,491,543,544
647,TRIA,544,545,542
648,TRIA,544,543,545
649,TRIA,541,542,545
650,TRIA,409,489,410
651,TRIA,409,494,489
652,TRIA,495,416,414
653,TRIA,546,547,365
654,TRIA,546,548,547
655,TRIA,549,247,251
656,TRIA,549,550,247
657,TRIA,550,250,247
658,TRIA,550,551,250
659,TRIA,235,424,233
660,TRIA,235,260,424
661,TRIA,426,552,423
662,TRIA,426,553,552
663,TRIA,423,233,424
664,TRIA,423,552,233
665,TRIA,54,133,115
666,TRIA,54,554,133
667,TRIA,554,136,133
668,TRIA,554,555,136
669,TRIA,555,556,557
670,TRIA,555,554,556
671,TRIA,554,53,556
672,TRIA,554,54,53
673,TRIA,558,559,560
674,TRIA,558,57,561
675,TRIA,57,562,561
676,TRIA,558,561,559
677,TRIA,57,62,562
678,TRIA,558,64,57
679,TRIA,563,64,558
680,TRIA,65,64,563
681,TRIA,558,560,563
682,TRIA,373,363,564
683,TRIA,373,565,363
684,TRIA,564,566,567
685,TRIA,564,568,566
686,TRIA,568,569,566
687,TRIA,568,570,569
688,TRIA,571,572,573
689,TRIA,571,574,572
690,TRIA,575,552,553
691,TRIA,575,576,552
692,TRIA,576,233,552
693,TRIA,576,234,233
694,TRIA,577,575,578
695,TRIA,577,576,575
696,TRIA,576,237,234
697,TRIA,576,577,237
698,TRIA,579,580,581
699,TRIA,490,580,579
700,TRIA,582,581,583
701,TRIA,579,581,582
702,TRIA,486,584,585
703,TRIA,584,490,582
704,TRIA,585,584,583
705,TRIA,583,584,582
706,TRIA,490,579,582
707,TRIA,584,486,490
708,TRIA,586,587,588
709,TRIA,586,589,587
710,TRIA,587,590,588
711,TRIA,591,592,590
712,TRIA,587,591,590
713,TRIA,591,593,592
714,TRIA,590,594,595
715,TRIA,586,588,590
716,TRIA,595,586,590
717,TRIA,590,592,594
718,TRIA,596,597,598
719,TRIA,596,599,597
720,TRIA,600,601,602
721,TRIA,600,603,601
722,TRIA,604,605,606
723,TRIA,604,607,605
724,TRIA,608,609,610
725,TRIA,611,608,610
726,TRIA,612,608,611
727,TRIA,612,611,613
728,TRIA,614,615,616
729,TRIA,614,617,615
730,TRIA,617,618,615
731,TRIA,617,619,618
732,TRIA,620,621,622
733,TRIA,620,614,616
734,TRIA,620,622,614
735,TRIA,620,623,621
736,TRIA,618,619,609
737,TRIA,609,619,610
738,TRIA,624,141,145
739,TRIA,141,325,327
740,TRIA,624,325,141
741,TRIA,320,625,624
742,TRIA,145,138,626
743,TRIA,140,138,145
744,TRIA,145,626,627
745,TRIA,320,145,627
746,TRIA,624,145,320
747,TRIA,149,320,214
748,TRIA,214,320,627
749,TRIA,214,627,219
750,TRIA,219,627,628
751,TRIA,214,147,149
752,TRIA,150,147,214
753,TRIA,221,629,630
754,TRIA,221,220,629
755,TRIA,148,321,146
756,TRIA,215,321,148
757,TRIA,148,151,215
758,TRIA,218,322,215
759,TRIA,215,322,321
760,TRIA,324,326,319
761,TRIA,319,625,320
762,TRIA,319,326,625
763,TRIA,631,632,633
764,TRIA,631,634,632
765,TRIA,635,633,632
766,TRIA,633,636,631
767,TRIA,633,637,636
768,TRIA,638,639,640
769,TRIA,638,641,639
770,TRIA,135,642,643
771,TRIA,642,136,555
772,TRIA,642,557,644
773,TRIA,643,642,645
774,TRIA,225,642,644
775,TRIA,646,642,225
776,TRIA,642,135,136
777,TRIA,642,555,557
778,TRIA,647,644,557
779,TRIA,225,644,648
780,TRIA,646,225,223
781,TRIA,649,650,651
782,TRIA,652,651,653
783,TRIA,645,651,652
784,TRIA,649,651,645
785,TRIA,645,652,643
786,TRIA,645,642,649
787,TRIA,654,114,134
788,TRIA,654,134,653
789,TRIA,655,654,653
790,TRIA,656,655,653
791,TRIA,656,653,226
792,TRIA,226,657,656
793,TRIA,658,657,226
794,TRIA,659,228,118
795,TRIA,226,228,659
796,TRIA,659,658,226
797,TRIA,231,660,661
798,TRIA,230,231,661
799,TRIA,661,662,663
800,TRIA,661,664,230
801,TRIA,665,661,224
802,TRIA,224,661,666
803,TRIA,665,667,662
804,TRIA,222,224,666
805,TRIA,665,224,668
806,TRIA,661,663,664
807,TRIA,661,665,662
808,TRIA,418,421,669
809,TRIA,670,671,549
810,TRIA,670,549,251
811,TRIA,670,257,391
812,TRIA,670,255,257
813,TRIA,670,252,255
814,TRIA,670,251,252
815,TRIA,418,670,391
816,TRIA,669,670,418
817,TRIA,259,391,257
818,TRIA,418,391,390
819,TRIA,672,673,674
820,TRIA,550,674,551
821,TRIA,671,674,550
822,TRIA,672,674,671
823,TRIA,671,550,549
824,TRIA,671,670,672
825,TRIA,675,676,250
826,TRIA,675,250,551
827,TRIA,677,675,551
828,TRIA,678,677,551
829,TRIA,678,551,422
830,TRIA,422,314,678
831,TRIA,313,314,422
832,TRIA,262,424,260
833,TRIA,422,424,262
834,TRIA,262,313,422
835,TRIA,427,679,680
836,TRIA,680,553,426
837,TRIA,427,680,426
838,TRIA,680,578,575
839,TRIA,389,680,419
840,TRIA,419,680,681
841,TRIA,389,682,578
842,TRIA,680,575,553
843,TRIA,680,389,578
844,TRIA,420,419,681
845,TRIA,389,419,392
846,TRIA,683,684,685
847,TRIA,683,686,684
848,TRIA,687,688,689
849,TRIA,687,690,688
850,TRIA,691,692,693
851,TRIA,691,694,692
852,TRIA,692,695,693
853,TRIA,696,697,695
854,TRIA,692,696,695
855,TRIA,696,698,697
856,TRIA,693,695,691
857,TRIA,695,699,700
858,TRIA,695,700,691
859,TRIA,695,697,699
860,TRIA,701,702,703
861,TRIA,701,704,702
862,TRIA,705,479,538
863,TRIA,538,492,706
864,TRIA,706,707,708
865,TRIA,538,708,705
866,TRIA,705,708,709
867,TRIA,706,708,538
868,TRIA,477,710,711
869,TRIA,477,479,710
870,TRIA,712,711,710
871,TRIA,710,479,705
872,TRIA,709,710,705
873,TRIA,712,710,709
874,TRIA,711,712,713
875,TRIA,514,348,351
876,TRIA,714,348,514
877,TRIA,346,348,714
878,TRIA,715,714,514
879,TRIA,716,715,516
880,TRIA,516,715,514
881,TRIA,535,717,716
882,TRIA,537,717,535
883,TRIA,718,717,537
884,TRIA,535,716,516
885,TRIA,719,718,531
886,TRIA,531,718,537
887,TRIA,523,719,531
888,TRIA,720,719,523
889,TRIA,720,523,525
890,TRIA,721,720,525
891,TRIA,528,721,525
892,TRIA,713,721,528
893,TRIA,713,528,530
894,TRIA,713,530,711
895,TRIA,711,530,477
896,TRIA,722,556,129
897,TRIA,557,556,722
898,TRIA,129,556,53
899,TRIA,557,722,647
900,TRIA,118,723,659
901,TRIA,118,116,723
902,TRIA,116,60,723
903,TRIA,116,58,60
904,TRIA,723,60,63
905,TRIA,724,658,63
906,TRIA,657,658,724
907,TRIA,63,658,723
908,TRIA,723,658,659
909,TRIA,66,724,63
910,TRIA,725,726,727
911,TRIA,623,725,727
912,TRIA,727,728,623
913,TRIA,623,728,621
914,TRIA,729,730,731
915,TRIA,729,732,730
916,TRIA,732,733,730
917,TRIA,734,733,732
918,TRIA,735,610,730
919,TRIA,611,610,735
920,TRIA,735,613,611
921,TRIA,735,730,733
922,TRIA,735,733,734
923,TRIA,452,465,450
924,TRIA,450,465,241
925,TRIA,241,465,476
926,TRIA,476,465,445
927,TRIA,246,241,476
928,TRIA,450,241,243
929,TRIA,736,603,737
930,TRIA,736,601,603
931,TRIA,736,738,601
932,TRIA,738,602,601
933,TRIA,736,739,738
934,TRIA,738,740,688
935,TRIA,738,739,740
936,TRIA,690,738,688
937,TRIA,688,741,689
938,TRIA,688,740,741
939,TRIA,94,91,742
940,TRIA,742,270,161
941,TRIA,161,270,162
942,TRIA,270,191,162
943,TRIA,742,161,94
944,TRIA,743,744,745
945,TRIA,743,746,744
946,TRIA,747,748,749
947,TRIA,750,749,745
948,TRIA,747,749,750
949,TRIA,750,745,744
950,TRIA,748,751,752
951,TRIA,748,747,751
952,TRIA,751,753,752
953,TRIA,754,743,753
954,TRIA,754,746,743
955,TRIA,751,754,753
956,TRIA,752,753,748
957,TRIA,753,745,749
958,TRIA,753,749,748
959,TRIA,753,743,745
960,TRIA,755,756,757
961,TRIA,758,759,760
962,TRIA,756,761,757
963,TRIA,755,757,762
964,TRIA,763,755,762
965,TRIA,764,760,765
966,TRIA,761,764,765
967,TRIA,756,764,761
968,TRIA,764,758,760
969,TRIA,763,766,759
970,TRIA,762,766,763
971,TRIA,759,766,760
972,TRIA,755,767,756
973,TRIA,767,768,756
974,TRIA,756,768,764
975,TRIA,768,769,764
976,TRIA,769,758,764
977,TRIA,769,770,758
978,TRIA,771,772,773
979,TRIA,771,774,772
980,TRIA,775,776,777
981,TRIA,775,778,776
982,TRIA,774,779,772
983,TRIA,772,779,780
984,TRIA,742,286,270
985,TRIA,781,286,742
986,TRIA,283,286,781
987,TRIA,742,91,781
988,TRIA,91,93,782
989,TRIA,91,782,781
990,TRIA,781,782,299
991,TRIA,781,299,283
992,TRIA,703,783,701
993,TRIA,784,785,786
994,TRIA,783,785,701
995,TRIA,786,785,783
996,TRIA,787,786,788
997,TRIA,787,784,786
998,TRIA,702,704,789
999,TRIA,787,788,790
1000,TRIA,789,704,790
1001,TRIA,788,789,790
1002,TRIA,701,785,704
1003,TRIA,785,787,790
1004,TRIA,785,784,787
1005,TRIA,785,790,704
1006,TRIA,791,111,654
1007,TRIA,654,111,114
1008,TRIA,109,111,791
1009,TRIA,791,104,109
1010,TRIA,114,115,134
1011,TRIA,114,113,115
1012,TRIA,314,792,678
1013,TRIA,314,312,792
1014,TRIA,312,394,792
1015,TRIA,312,315,394
1016,TRIA,792,394,398
1017,TRIA,397,793,398
1018,TRIA,398,793,677
1019,TRIA,677,793,675
1020,TRIA,792,398,677
1021,TRIA,792,677,678
1022,TRIA,793,794,675
1023,TRIA,675,794,676
1024,TRIA,795,794,793
1025,TRIA,793,397,795
1026,TRIA,796,797,798
1027,TRIA,799,800,796
1028,TRIA,796,798,799
1029,TRIA,799,798,801
1030,TRIA,801,802,803
1031,TRIA,799,801,803
1032,TRIA,800,799,804
1033,TRIA,804,803,805
1034,TRIA,804,799,803
1035,TRIA,805,806,807
1036,TRIA,804,805,807
1037,TRIA,807,808,804
1038,TRIA,2,809,810
1039,TRIA,2,811,809
1040,TRIA,810,6,2
1041,TRIA,810,812,6
1042,TRIA,2,4,811
1043,TRIA,4,813,808
1044,TRIA,4,1,813
1045,TRIA,1,814,813
1046,TRIA,1,7,814
1047,TRIA,815,816,817
1048,TRIA,817,818,815
1049,TRIA,815,818,819
1050,TRIA,496,415,820
1051,TRIA,496,414,415
1052,TRIA,821,822,415
1053,TRIA,821,816,822
1054,TRIA,820,415,822
1055,TRIA,823,819,818
1056,TRIA,816,821,817
1057,TRIA,824,819,823
1058,TRIA,741,825,689
1059,TRIA,741,826,825
1060,TRIA,687,689,825
1061,TRIA,606,827,828
1062,TRIA,606,605,827
1063,TRIA,780,829,772
1064,TRIA,829,773,772
1065,TRIA,780,830,829
1066,TRIA,641,638,829
1067,TRIA,829,831,641
1068,TRIA,829,830,831
1069,TRIA,832,639,831
1070,TRIA,831,639,641
1071,TRIA,413,833,415
1072,TRIA,415,833,834
1073,TRIA,821,415,834
1074,TRIA,824,823,835
1075,TRIA,824,835,836
1076,TRIA,836,835,837
1077,TRIA,838,839,837
1078,TRIA,840,839,838
1079,TRIA,837,839,836
1080,TRIA,841,842,843
1081,TRIA,844,842,841
1082,TRIA,843,842,845
1083,TRIA,844,841,846
1084,TRIA,847,844,846
1085,TRIA,848,847,846
1086,TRIA,847,849,850
1087,TRIA,840,838,851
1088,TRIA,845,851,843
1089,TRIA,840,851,845
1090,TRIA,852,850,849
1091,TRIA,847,848,849
1092,TRIA,853,854,852
1093,TRIA,852,854,855
1094,TRIA,850,852,855
1095,TRIA,856,857,824
1096,TRIA,856,858,857
1097,TRIA,859,856,836
1098,TRIA,836,856,824
1099,TRIA,839,859,836
1100,TRIA,860,859,839
1101,TRIA,857,819,824
1102,TRIA,860,839,840
1103,TRIA,845,842,861
1104,TRIA,861,842,862
1105,TRIA,862,842,844
1106,TRIA,840,845,863
1107,TRIA,863,845,861
1108,TRIA,860,840,863
1109,TRIA,864,862,844
1110,TRIA,850,865,847
1111,TRIA,855,865,850
1112,TRIA,847,865,864
1113,TRIA,847,864,844
1114,TRIA,832,866,639
1115,TRIA,832,867,866
1116,TRIA,640,639,866
1117,TRIA,778,775,866
1118,TRIA,866,868,778
1119,TRIA,866,867,868
1120,TRIA,852,869,853
1121,TRIA,852,870,869
1122,TRIA,871,872,853
1123,TRIA,873,872,871
1124,TRIA,874,872,873
1125,TRIA,871,853,869
1126,TRIA,875,855,854
1127,TRIA,872,875,854
1128,TRIA,874,875,872
1129,TRIA,876,875,877
1130,TRIA,875,876,855
1131,TRIA,872,854,853
1132,TRIA,174,195,173
1133,TRIA,174,159,195
1134,TRIA,505,878,879
1135,TRIA,506,878,505
1136,TRIA,879,878,880
1137,TRIA,505,879,881
1138,TRIA,580,881,581
1139,TRIA,502,881,580
1140,TRIA,505,881,502
1141,TRIA,490,502,580
1142,TRIA,510,512,882
1143,TRIA,508,883,878
1144,TRIA,878,883,880
1145,TRIA,883,510,884
1146,TRIA,885,884,882
1147,TRIA,882,884,510
1148,TRIA,883,508,510
1149,TRIA,506,508,878
1150,TRIA,886,887,888
1151,TRIA,877,886,888
1152,TRIA,877,875,886
1153,TRIA,886,875,889
1154,TRIA,889,875,874
1155,TRIA,886,889,890
1156,TRIA,891,892,889
1157,TRIA,889,892,890
1158,TRIA,889,873,891
1159,TRIA,889,874,873
1160,TRIA,893,894,895
1161,TRIA,893,896,897
1162,TRIA,893,897,894
1163,TRIA,896,898,897
1164,TRIA,468,253,248
1165,TRIA,468,462,253
1166,TRIA,263,471,265
1167,TRIA,469,471,263
1168,TRIA,263,260,469
1169,TRIA,469,260,235
1170,TRIA,899,900,901
1171,TRIA,488,900,899
1172,TRIA,489,900,488
1173,TRIA,882,899,885
1174,TRIA,488,899,882
1175,TRIA,488,882,512
1176,TRIA,902,895,894
1177,TRIA,903,894,897
1178,TRIA,903,902,894
1179,TRIA,904,895,902
1180,TRIA,904,893,895
1181,TRIA,892,905,890
1182,TRIA,890,905,906
1183,TRIA,345,907,908
1184,TRIA,907,347,909
1185,TRIA,908,907,910
1186,TRIA,911,907,909
1187,TRIA,907,345,347
1188,TRIA,349,345,908
1189,TRIA,912,913,914
1190,TRIA,911,914,907
1191,TRIA,911,912,914
1192,TRIA,915,907,914
1193,TRIA,910,907,915
1194,TRIA,914,906,915
1195,TRIA,778,916,776
1196,TRIA,778,868,916
1197,TRIA,917,779,774
1198,TRIA,771,917,774
1199,TRIA,917,918,779
1200,TRIA,919,916,920
1201,TRIA,919,776,916
1202,TRIA,777,776,919
1203,TRIA,921,573,922
1204,TRIA,921,571,573
1205,TRIA,906,923,915
1206,TRIA,915,924,910
1207,TRIA,915,923,924
1208,TRIA,906,905,923
1209,TRIA,910,925,908
1210,TRIA,910,924,925
1211,TRIA,926,908,925
1212,TRIA,926,349,908
1213,TRIA,927,349,926
1214,TRIA,927,350,349
1215,TRIA,927,802,350
1216,TRIA,350,802,801
1217,TRIA,533,350,801
1218,TRIA,798,517,801
1219,TRIA,801,517,533
1220,TRIA,928,896,904
1221,TRIA,928,898,896
1222,TRIA,893,904,896
1223,TRIA,928,897,898
1224,TRIA,928,903,897
1225,TRIA,186,929,44
1226,TRIA,186,930,929
1227,TRIA,931,43,929
1228,TRIA,931,210,209
1229,TRIA,769,931,932
1230,TRIA,931,435,210
1231,TRIA,933,934,935
1232,TRIA,933,144,934
1233,TRIA,936,866,775
1234,TRIA,936,640,866
1235,TRIA,786,937,938
1236,TRIA,937,939,938
1237,TRIA,937,638,939
1238,TRIA,829,937,773
1239,TRIA,940,331,308
1240,TRIA,308,331,310
1241,TRIA,331,940,334
1242,TRIA,334,940,338
1243,TRIA,327,324,941
1244,TRIA,941,942,934
1245,TRIA,934,942,943
1246,TRIA,943,942,944
1247,TRIA,726,945,731
1248,TRIA,945,946,731
1249,TRIA,946,945,947
1250,TRIA,217,947,948
1251,TRIA,947,945,948
1252,TRIA,949,940,950
1253,TRIA,940,949,222
1254,TRIA,222,949,223
1255,TRIA,278,273,814
1256,TRIA,421,420,951
1257,TRIA,952,953,954
1258,TRIA,687,825,955
1259,TRIA,632,956,635
1260,TRIA,957,598,958
1261,TRIA,958,959,600
1262,TRIA,904,902,406
1263,TRIA,956,19,635
1264,TRIA,635,19,18
1265,TRIA,960,956,607
1266,TRIA,632,607,956
1267,TRIA,341,961,333
1268,TRIA,310,302,328
1269,TRIA,331,334,337
1270,TRIA,310,331,302
1271,TRIA,302,331,333
1272,TRIA,962,333,961
1273,TRIA,303,333,962
1274,TRIA,302,333,303
1275,TRIA,963,953,964
1276,TRIA,965,953,963
1277,TRIA,954,953,965
1278,TRIA,964,746,963
1279,TRIA,966,297,295
1280,TRIA,967,297,966
1281,TRIA,290,297,967
1282,TRIA,968,969,417
1283,TRIA,970,969,971
1284,TRIA,417,969,412
1285,TRIA,412,969,970
1286,TRIA,972,973,974
1287,TRIA,973,587,975
1288,TRIA,435,430,210
1289,TRIA,602,942,957
1290,TRIA,602,690,976
1291,TRIA,944,942,767
1292,TRIA,767,942,976
1293,TRIA,942,977,957
1294,TRIA,602,976,942
1295,TRIA,978,917,771
1296,TRIA,978,979,917
1297,TRIA,937,771,773
1298,TRIA,980,771,937
1299,TRIA,978,771,980
1300,TRIA,970,971,981
1301,TRIA,981,971,593
1302,TRIA,971,982,593
1303,TRIA,983,984,985
1304,TRIA,983,833,984
1305,TRIA,833,413,984
1306,TRIA,984,413,412
1307,TRIA,970,984,412
1308,TRIA,986,987,982
1309,TRIA,971,986,982
1310,TRIA,988,589,987
1311,TRIA,986,988,987
1312,TRIA,989,990,991
1313,TRIA,989,992,990
1314,TRIA,991,993,694
1315,TRIA,994,995,933
1316,TRIA,996,995,994
1317,TRIA,997,995,996
1318,TRIA,998,997,929
1319,TRIA,929,997,931
1320,TRIA,931,997,996
1321,TRIA,929,930,998
1322,TRIA,186,999,930
1323,TRIA,788,750,744
1324,TRIA,702,788,744
1325,TRIA,788,747,750
1326,TRIA,952,954,1000
1327,TRIA,964,1001,703
1328,TRIA,1001,607,703
1329,TRIA,963,746,1002
1330,TRIA,754,1002,746
1331,TRIA,964,703,746
1332,TRIA,746,702,744
1333,TRIA,1003,1002,754
1334,TRIA,751,1003,754
1335,TRIA,938,1003,751
1336,TRIA,746,703,702
1337,TRIA,1001,1004,607
1338,TRIA,607,1005,960
1339,TRIA,607,1004,1005
1340,TRIA,1005,1004,1006
1341,TRIA,17,16,1007
1342,TRIA,783,703,604
1343,TRIA,604,703,607
1344,TRIA,1008,952,1009
1345,TRIA,1009,952,692
1346,TRIA,692,952,1000
1347,TRIA,1007,687,955
1348,TRIA,17,1007,955
1349,TRIA,1009,1010,1008
1350,TRIA,687,1010,1009
1351,TRIA,1007,1010,687
1352,TRIA,18,17,955
1353,TRIA,635,18,955
1354,TRIA,186,1011,999
1355,TRIA,698,1011,186
1356,TRIA,1012,1011,698
1357,TRIA,696,1012,698
1358,TRIA,1000,1012,696
1359,TRIA,1000,696,692
1360,TRIA,1013,698,186
1361,TRIA,698,992,989
1362,TRIA,1014,1013,976
1363,TRIA,976,185,376
1364,TRIA,976,1013,185
1365,TRIA,185,1013,186
1366,TRIA,698,1013,992
1367,TRIA,991,990,993
1368,TRIA,694,1009,692
1369,TRIA,694,993,1009
1370,TRIA,687,1009,1014
1371,TRIA,937,829,638
1372,TRIA,640,939,638
1373,TRIA,1015,939,640
1374,TRIA,786,938,751
1375,TRIA,747,786,751
1376,TRIA,747,788,786
1377,TRIA,702,789,788
1378,TRIA,783,604,937
1379,TRIA,937,596,957
1380,TRIA,596,604,1016
1381,TRIA,937,604,596
1382,TRIA,602,738,690
1383,TRIA,690,687,976
1384,TRIA,976,687,1014
1385,TRIA,957,596,598
1386,TRIA,786,783,937
1387,TRIA,980,937,957
1388,TRIA,904,936,928
1389,TRIA,408,936,904
1390,TRIA,1017,936,408
1391,TRIA,1015,936,1017
1392,TRIA,928,936,1018
1393,TRIA,777,936,775
1394,TRIA,1018,936,777
1395,TRIA,1019,979,978
1396,TRIA,1018,1019,978
1397,TRIA,777,1019,1018
1398,TRIA,919,1019,777
1399,TRIA,928,1018,1020
1400,TRIA,1020,1018,1021
1401,TRIA,1021,1018,1022
1402,TRIA,1023,1018,978
1403,TRIA,1022,1018,1023
1404,TRIA,903,928,587
1405,TRIA,587,928,975
1406,TRIA,975,928,1020
1407,TRIA,1023,978,980
1408,TRIA,936,1015,640
1409,TRIA,417,902,968
1410,TRIA,968,902,903
1411,TRIA,406,902,417
1412,TRIA,988,1024,589
1413,TRIA,1024,587,589
1414,TRIA,968,903,587
1415,TRIA,1024,968,587
1416,TRIA,591,587,1025
1417,TRIA,1025,587,972
1418,TRIA,973,972,587
1419,TRIA,981,593,591
1420,TRIA,591,1025,669
1421,TRIA,591,669,421
1422,TRIA,981,591,421
1423,TRIA,904,406,408
1424,TRIA,981,421,951
1425,TRIA,1026,1023,1027
1426,TRIA,1026,1022,1023
1427,TRIA,957,958,600
1428,TRIA,1028,1026,1027
1429,TRIA,600,602,957
1430,TRIA,942,941,977
1431,TRIA,980,957,977
1432,TRIA,768,767,976
1433,TRIA,976,375,768
1434,TRIA,931,209,43
1435,TRIA,929,43,44
1436,TRIA,379,380,375
1437,TRIA,380,768,375
1438,TRIA,976,376,375
1439,TRIA,380,441,768
1440,TRIA,931,438,435
1441,TRIA,1029,1027,1023
1442,TRIA,681,1029,1023
1443,TRIA,1023,980,966
1444,TRIA,966,980,977
1445,TRIA,681,1023,420
1446,TRIA,420,1023,1030
1447,TRIA,1030,1023,1031
1448,TRIA,1031,1023,966
1449,TRIA,932,770,769
1450,TRIA,934,770,932
1451,TRIA,934,932,1032
1452,TRIA,943,770,934
1453,TRIA,931,769,438
1454,TRIA,439,769,768
1455,TRIA,438,769,439
1456,TRIA,439,768,443
1457,TRIA,443,768,441
1458,TRIA,994,933,935
1459,TRIA,1033,933,1034
1460,TRIA,1035,996,994
1461,TRIA,1036,996,1035
1462,TRIA,1033,1034,630
1463,TRIA,630,1034,1037
1464,TRIA,1038,1036,1039
1465,TRIA,1038,1040,1036
1466,TRIA,1038,1032,932
1467,TRIA,1039,1032,1038
1468,TRIA,1035,1039,1036
1469,TRIA,1035,1041,1039
1470,TRIA,935,934,1032
1471,TRIA,967,966,977
1472,TRIA,1042,966,1043
1473,TRIA,1031,966,1042
1474,TRIA,1043,966,295
1475,TRIA,967,977,941
1476,TRIA,1044,951,420
1477,TRIA,1030,1044,420
1478,TRIA,327,941,934
1479,TRIA,933,1033,144
1480,TRIA,327,934,144
1481,TRIA,1045,1042,1043
1482,TRIA,1046,5,1047
1483,TRIA,1043,3,5
1484,TRIA,1046,1043,5
1485,TRIA,1046,1045,1043
1486,TRIA,272,280,288
1487,TRIA,282,280,272
1488,TRIA,278,7,277
1489,TRIA,288,280,291
1490,TRIA,291,280,277
1491,TRIA,288,291,293
1492,TRIA,295,291,277
1493,TRIA,1048,814,273
1494,TRIA,278,814,7
1495,TRIA,1049,1050,1051
1496,TRIA,1052,1049,1051
1497,TRIA,1050,1048,273
1498,TRIA,1049,1048,1050
1499,TRIA,273,1053,1050
1500,TRIA,290,273,272
1501,TRIA,290,272,288
1502,TRIA,295,277,1043
1503,TRIA,1043,277,3
1504,TRIA,3,277,7
1505,TRIA,1054,290,967
1506,TRIA,1053,290,1054
1507,TRIA,273,290,1053
1508,TRIA,217,948,323
1509,TRIA,941,948,1054
1510,TRIA,324,948,941
1511,TRIA,323,948,324
1512,TRIA,948,1053,1054
1513,TRIA,948,945,1053
1514,TRIA,941,1054,967
1515,TRIA,1055,1050,1053
1516,TRIA,1056,1055,1053
1517,TRIA,1057,1053,945
1518,TRIA,1056,1053,1057
1519,TRIA,1058,1059,962
1520,TRIA,962,1059,303
1521,TRIA,303,1059,1060
1522,TRIA,305,1061,308
1523,TRIA,308,1061,940
1524,TRIA,940,1061,1062
1525,TRIA,1060,1061,305
1526,TRIA,303,1060,305
1527,TRIA,945,1063,1064
1528,TRIA,623,1063,945
1529,TRIA,620,1063,623
1530,TRIA,945,1064,646
1531,TRIA,726,725,945
1532,TRIA,945,725,623
1533,TRIA,946,729,731
1534,TRIA,946,732,729
1535,TRIA,946,1065,732
1536,TRIA,1057,945,949
1537,TRIA,949,945,646
1538,TRIA,950,1066,949
1539,TRIA,949,1066,1057
1540,TRIA,940,1062,950
1541,TRIA,666,940,222
1542,TRIA,946,940,666
1543,TRIA,338,940,946
1544,TRIA,1067,1065,946
1545,TRIA,732,1065,1068
1546,TRIA,666,1067,946
1547,TRIA,324,319,323
1548,TRIA,646,223,949
1549,TRIA,221,217,216
1550,TRIA,947,217,221
1551,TRIA,630,1069,1033
1552,TRIA,144,141,327
1553,TRIA,221,630,1037
1554,TRIA,1037,947,221
1555,TRIA,1070,947,1037
1556,TRIA,1071,947,1070
1557,TRIA,946,947,1071
1558,TRIA,1072,961,341
1559,TRIA,946,341,338
1560,TRIA,1072,341,946
1561,TRIA,1071,1072,946
1562,TRIA,983,834,833
1563,TRIA,1073,817,985
1564,TRIA,1073,818,817
1565,TRIA,984,1073,985
1566,TRIA,817,821,985
1567,TRIA,985,821,834
1568,TRIA,983,985,834
1569,TRIA,1074,848,846
1570,TRIA,1075,848,1074
1571,TRIA,835,970,981
1572,TRIA,823,970,835
1573,TRIA,970,1073,984
1574,TRIA,1031,851,1030
1575,TRIA,1031,843,851
1576,TRIA,1030,838,1044
1577,TRIA,838,951,1044
1578,TRIA,837,951,838
1579,TRIA,981,951,837
1580,TRIA,1030,851,838
1581,TRIA,835,981,837
1582,TRIA,1045,841,1042
1583,TRIA,1045,846,841
1584,TRIA,1042,843,1031
1585,TRIA,1042,841,843
1586,TRIA,1046,846,1045
1587,TRIA,1046,1074,846
1588,TRIA,970,823,1073
1589,TRIA,1073,823,818
1590,TRIA,1076,496,820
1591,TRIA,496,1077,1078
1592,TRIA,1076,1077,496
1593,TRIA,495,1078,1079
1594,TRIA,496,1078,495
1595,TRIA,494,495,1079
1596,TRIA,1080,901,900
1597,TRIA,900,494,1080
1598,TRIA,900,489,494
1599,TRIA,1079,1080,494
1600,TRIA,1076,1081,1077
1601,TRIA,1082,1081,1076
1602,TRIA,822,1076,820
1603,TRIA,1082,1076,822
1604,TRIA,1082,822,816
1605,TRIA,6,1047,5
1606,TRIA,6,1083,1047
1607,TRIA,1047,1083,1074
1608,TRIA,1074,1046,1047
1609,TRIA,1084,6,812
1610,TRIA,1075,6,1084
1611,TRIA,1083,6,1075
1612,TRIA,812,1085,1084
1613,TRIA,1083,1075,1074
1614,TRIA,848,1084,849
1615,TRIA,848,1075,1084
1616,TRIA,849,1085,870
1617,TRIA,1084,1085,849
1618,TRIA,852,849,870
1619,TRIA,892,891,809
1620,TRIA,809,891,810
1621,TRIA,810,891,873
1622,TRIA,809,905,892
1623,TRIA,809,806,905
1624,TRIA,870,1085,812
1625,TRIA,869,870,812
1626,TRIA,812,871,869
1627,TRIA,873,812,810
1628,TRIA,812,873,871
1629,TRIA,923,905,806
1630,TRIA,805,923,806
1631,TRIA,924,923,805
1632,TRIA,925,803,926
1633,TRIA,925,924,803
1634,TRIA,927,926,803
1635,TRIA,803,924,805
1636,TRIA,927,803,802
1637,TRIA,806,809,811
1638,TRIA,807,811,4
1639,TRIA,806,811,807
1640,TRIA,807,4,808
1641,TRIA,448,242,253
1642,TRIA,243,242,448
1643,TRIA,462,448,253
1644,TRIA,454,265,471
1645,TRIA,454,264,265
1646,TRIA,472,454,471
1647,TRIA,457,454,472
1648,TRIA,217,323,218
1649,TRIA,218,323,322
1650,TRIA,628,220,219
1651,TRIA,628,629,220
1652,TRIA,628,1069,629
1653,TRIA,629,1069,630
1654,TRIA,628,627,1069
1655,TRIA,1086,180,179
1656,TRIA,1087,180,1086
1657,TRIA,1087,1086,343
1658,TRIA,343,342,1087
1659,TRIA,120,117,119
1660,TRIA,120,1088,117
1661,TRIA,1088,59,117
1662,TRIA,1088,61,59
1663,TRIA,1089,62,1090
1664,TRIA,562,62,1089
1665,TRIA,1090,125,1089
1666,TRIA,1090,123,125
1667,TRIA,1091,1092,1028
1668,TRIA,1026,1028,1092
1669,TRIA,1091,1028,1093
1670,TRIA,1028,1094,1093
1671,TRIA,972,974,1095
1672,TRIA,1094,1028,1027
1673,TRIA,1094,1027,1096
1674,TRIA,673,972,1095
1675,TRIA,673,1095,1097
1676,TRIA,673,1097,1098
1677,TRIA,1099,1094,1096
1678,TRIA,1100,673,1098
1679,TRIA,1100,1096,673
1680,TRIA,1100,1099,1096
1681,TRIA,1099,1100,686
1682,TRIA,1101,1099,686
1683,TRIA,1094,1099,1101
1684,TRIA,1094,1101,1093
1685,TRIA,1102,1098,1097
1686,TRIA,1102,684,1098
1687,TRIA,1097,1103,1102
1688,TRIA,1097,1095,1103
1689,TRIA,974,1104,1105
1690,TRIA,974,1103,1095
1691,TRIA,974,1105,1103
1692,TRIA,974,973,1104
1693,TRIA,975,685,973
1694,TRIA,975,1020,685
1695,TRIA,685,1106,973
1696,TRIA,973,1106,1104
1697,TRIA,1107,1108,1109
1698,TRIA,1110,1108,1107
1699,TRIA,1109,1108,1111
1700,TRIA,1109,1112,1113
1701,TRIA,1113,1114,1107
1702,TRIA,1113,1107,1109
1703,TRIA,1008,1010,1115
1704,TRIA,1010,1116,1115
1705,TRIA,1008,1115,1117
1706,TRIA,1010,1007,1116
1707,TRIA,339,340,335
1708,TRIA,340,332,336
1709,TRIA,340,336,335
1710,TRIA,340,330,332
1711,TRIA,1118,1035,994
1712,TRIA,1118,1119,1035
1713,TRIA,994,935,1118
1714,TRIA,1120,1121,1032
1715,TRIA,1032,1121,935
1716,TRIA,935,1121,1118
1717,TRIA,1122,1032,1039
1718,TRIA,1122,1120,1032
1719,TRIA,622,619,617
1720,TRIA,727,619,622
1721,TRIA,727,622,728
1722,TRIA,728,622,621
1723,TRIA,614,622,617
1724,TRIA,726,731,730
1725,TRIA,726,730,727
1726,TRIA,1088,62,61
1727,TRIA,1090,62,1088
1728,TRIA,1088,120,1090
1729,TRIA,1090,120,123
1730,TRIA,126,130,1123
1731,TRIA,559,561,1123
1732,TRIA,1123,561,126
1733,TRIA,1089,561,562
1734,TRIA,126,561,1089
1735,TRIA,126,1089,125
1736,TRIA,131,1123,130
1737,TRIA,131,1124,1123
1738,TRIA,1124,559,1123
1739,TRIA,1124,1125,559
1740,TRIA,1126,1127,1128
1741,TRIA,1128,1127,128
1742,TRIA,128,1127,1124
1743,TRIA,1124,1127,1125
1744,TRIA,131,128,1124
1745,TRIA,1128,128,55
1746,TRIA,867,831,830
1747,TRIA,832,831,867
1748,TRIA,916,867,920
1749,TRIA,920,867,830
1750,TRIA,916,868,867
1751,TRIA,918,780,779
1752,TRIA,918,830,780
1753,TRIA,920,830,918
1754,TRIA,1129,920,918
1755,TRIA,1130,1129,918
1756,TRIA,919,1129,1131
1757,TRIA,1019,919,1131
1758,TRIA,919,920,1129
1759,TRIA,1132,1133,1134
1760,TRIA,1132,491,1133
1761,TRIA,1132,483,491
1762,TRIA,1132,1135,483
1763,TRIA,87,483,1135
1764,TRIA,87,90,483
1765,TRIA,87,1135,89
1766,TRIA,540,486,585
1767,TRIA,1133,544,1136
1768,TRIA,1134,1133,1136
1769,TRIA,1133,491,544
1770,TRIA,1136,542,1137
1771,TRIA,1137,540,1138
1772,TRIA,1137,542,540
1773,TRIA,583,1138,585
1774,TRIA,585,1138,540
1775,TRIA,1136,544,542
1776,TRIA,1035,1119,1041
1777,TRIA,1122,1039,1139
1778,TRIA,1039,1041,1139
1779,TRIA,1041,1119,1139
1780,TRIA,1118,1121,1119
1781,TRIA,1121,1122,1139
1782,TRIA,1121,1120,1122
1783,TRIA,1121,1139,1119
1784,TRIA,1140,1036,1141
1785,TRIA,1140,996,1036
1786,TRIA,1038,1142,1143
1787,TRIA,1040,1143,1141
1788,TRIA,1038,1143,1040
1789,TRIA,1040,1141,1036
1790,TRIA,1131,1130,1144
1791,TRIA,1131,1129,1130
1792,TRIA,1145,1146,1147
1793,TRIA,1147,1146,1148
1794,TRIA,404,1149,1150
1795,TRIA,404,1150,401
1796,TRIA,401,1150,1151
1797,TRIA,401,1151,402
1798,TRIA,1022,683,1021
1799,TRIA,1022,1026,683
1800,TRIA,1026,1152,683
1801,TRIA,1092,1152,1026
1802,TRIA,1091,686,683
1803,TRIA,1101,686,1091
1804,TRIA,1091,1093,1101
1805,TRIA,1091,683,1152
1806,TRIA,1091,1152,1092
1807,TRIA,1098,684,1100
1808,TRIA,1100,684,686
1809,TRIA,402,356,358
1810,TRIA,1151,356,402
1811,TRIA,400,402,358
1812,TRIA,1153,1154,1155
1813,TRIA,1153,1156,1154
1814,TRIA,1157,1153,1155
1815,TRIA,1158,1153,1157
1816,TRIA,1159,1160,1161
1817,TRIA,1162,1160,1159
1818,TRIA,1162,1159,1163
1819,TRIA,1163,1164,1162
1820,TRIA,1165,1160,1166
1821,TRIA,1166,1160,1162
1822,TRIA,1162,1164,922
1823,TRIA,1166,1162,922
1824,TRIA,1065,1167,1168
1825,TRIA,1167,1067,661
1826,TRIA,1167,1065,1067
1827,TRIA,661,1067,666
1828,TRIA,735,734,1068
1829,TRIA,732,1068,734
1830,TRIA,735,1068,613
1831,TRIA,1068,612,613
1832,TRIA,609,650,618
1833,TRIA,609,1168,650
1834,TRIA,615,618,650
1835,TRIA,1168,608,612
1836,TRIA,609,608,1168
1837,TRIA,616,1063,620
1838,TRIA,650,1063,616
1839,TRIA,650,616,615
1840,TRIA,612,1068,1065
1841,TRIA,612,1065,1168
1842,TRIA,1169,1170,1165
1843,TRIA,1166,1169,1165
1844,TRIA,573,1169,1166
1845,TRIA,573,1166,922
1846,TRIA,1169,573,572
1847,TRIA,1171,1170,1172
1848,TRIA,1172,1170,1169
1849,TRIA,1172,1169,572
1850,TRIA,1173,1156,1174
1851,TRIA,1175,1176,1174
1852,TRIA,1177,1176,1175
1853,TRIA,1174,1176,1173
1854,TRIA,1173,1176,1178
1855,TRIA,546,1175,1174
1856,TRIA,1177,364,371
1857,TRIA,1177,1175,364
1858,TRIA,1175,365,364
1859,TRIA,1175,546,365
1860,TRIA,487,411,410
1861,TRIA,411,1017,407
1862,TRIA,511,1017,487
1863,TRIA,1179,1015,1017
1864,TRIA,407,1017,408
1865,TRIA,411,487,1017
1866,TRIA,511,1179,1017
1867,TRIA,1145,1147,1180
1868,TRIA,1180,1153,1181
1869,TRIA,1181,1153,1182
1870,TRIA,1153,1158,1182
1871,TRIA,1180,1181,1145
1872,TRIA,1180,1183,1153
1873,TRIA,1184,1183,1180
1874,TRIA,548,1183,1184
1875,TRIA,1180,1147,1184
1876,TRIA,770,943,758
1877,TRIA,943,944,759
1878,TRIA,759,944,763
1879,TRIA,944,767,763
1880,TRIA,767,755,763
1881,TRIA,943,759,758
1882,TRIA,1142,932,1185
1883,TRIA,1142,1038,932
1884,TRIA,932,1186,1185
1885,TRIA,931,1140,1186
1886,TRIA,932,931,1186
1887,TRIA,931,996,1140
1888,TRIA,1185,1186,1142
1889,TRIA,1186,1141,1143
1890,TRIA,1186,1143,1142
1891,TRIA,1186,1140,1141
1892,TRIA,363,361,564
1893,TRIA,564,361,568
1894,TRIA,568,361,362
1895,TRIA,362,570,568
1896,TRIA,574,1173,1178
1897,TRIA,574,1187,1173
1898,TRIA,1187,1156,1173
1899,TRIA,1187,1154,1156
1900,TRIA,757,1188,762
1901,TRIA,1188,1189,762
1902,TRIA,762,1189,1190
1903,TRIA,762,1190,766
1904,TRIA,766,1190,760
1905,TRIA,760,1190,1191
1906,TRIA,1191,1192,760
1907,TRIA,760,1192,765
1908,TRIA,1192,1193,765
1909,TRIA,765,1193,761
1910,TRIA,761,1193,1188
1911,TRIA,761,1188,757
1912,TRIA,969,968,1194
1913,TRIA,968,1195,1194
1914,TRIA,1194,1196,969
1915,TRIA,969,1196,971
1916,TRIA,1197,968,1024
1917,TRIA,1197,1195,968
1918,TRIA,988,1198,1024
1919,TRIA,1024,1198,1197
1920,TRIA,1198,988,1199
1921,TRIA,988,986,1199
1922,TRIA,1107,567,1200
1923,TRIA,1107,1114,567
1924,TRIA,1200,1110,1107
1925,TRIA,1200,1116,1110
1926,TRIA,1001,964,1111
1927,TRIA,1001,1111,1108
1928,TRIA,1108,1004,1001
1929,TRIA,1108,1110,1004
1930,TRIA,730,619,727
1931,TRIA,730,610,619
1932,TRIA,144,1201,142
1933,TRIA,144,1033,1201
1934,TRIA,1201,1202,142
1935,TRIA,142,1202,143
1936,TRIA,137,1202,1203
1937,TRIA,143,1202,137
1938,TRIA,137,139,143
1939,TRIA,1147,1148,1204
1940,TRIA,1147,1204,1184
1941,TRIA,1184,1204,547
1942,TRIA,1184,547,548
1943,TRIA,1204,1205,1206
1944,TRIA,1206,1205,1207
1945,TRIA,1148,1205,1204
1946,TRIA,1206,547,1204
1947,TRIA,1105,684,1102
1948,TRIA,685,684,1105
1949,TRIA,685,1105,1106
1950,TRIA,1106,1105,1104
1951,TRIA,1103,1105,1102
1952,TRIA,1020,1021,683
1953,TRIA,1020,683,685
1954,TRIA,24,180,25
1955,TRIA,25,180,1087
1956,TRIA,1087,342,27
1957,TRIA,25,1087,27
1958,TRIA,1208,1158,1209
1959,TRIA,1182,1158,1208
1960,TRIA,1209,1210,1208
1961,TRIA,1209,1211,1210
1962,TRIA,1158,1212,1209
1963,TRIA,1212,921,1209
1964,TRIA,1209,921,1211
1965,TRIA,1158,1157,1212
1966,TRIA,921,1213,571
1967,TRIA,921,1212,1213
1968,TRIA,1212,1155,1213
1969,TRIA,1212,1157,1155
1970,TRIA,548,546,1174
1971,TRIA,548,1174,1183
1972,TRIA,1156,1153,1183
1973,TRIA,1174,1156,1183
1974,TRIA,1214,1215,1006
1975,TRIA,1005,1006,1215
1976,TRIA,1214,1006,1216
1977,TRIA,1006,1217,1216
1978,TRIA,1110,1218,1219
1979,TRIA,1218,1116,12
1980,TRIA,1110,1219,1217
1981,TRIA,1007,16,10
1982,TRIA,1116,1007,10
1983,TRIA,1116,10,9
1984,TRIA,1006,1004,1217
1985,TRIA,1217,1004,1110
1986,TRIA,1116,9,12
1987,TRIA,1218,1110,1116
1988,TRIA,1219,1218,1220
1989,TRIA,1221,1219,1220
1990,TRIA,1217,1219,1221
1991,TRIA,1217,1221,1216
1992,TRIA,1222,992,1013
1993,TRIA,1222,1223,992
1994,TRIA,1014,1009,1224
1995,TRIA,1009,1225,1224
1996,TRIA,1224,1222,1014
1997,TRIA,1014,1222,1013
1998,TRIA,1226,1009,993
1999,TRIA,1226,1225,1009
2000,TRIA,990,1227,993
2001,TRIA,993,1227,1226
2002,TRIA,1227,990,1223
2003,TRIA,990,992,1223
2004,TRIA,1196,1194,1199
2005,TRIA,1194,1197,1198
2006,TRIA,1194,1195,1197
2007,TRIA,1194,1198,1199
2008,TRIA,592,982,594
2009,TRIA,592,593,982
2010,TRIA,589,586,595
2011,TRIA,987,595,594
2012,TRIA,589,595,987
2013,TRIA,987,594,982
2014,TRIA,1113,1171,1172
2015,TRIA,1113,1112,1171
2016,TRIA,1172,1114,1113
2017,TRIA,1172,572,1114
2018,TRIA,1228,360,1117
2019,TRIA,1228,569,360
2020,TRIA,569,570,360
2021,TRIA,1117,355,1229
2022,TRIA,1230,1117,1229
2023,TRIA,1008,1117,1230
2024,TRIA,1117,360,355
2025,TRIA,362,360,570
2026,TRIA,1229,355,357
2027,TRIA,1230,952,1008
2028,TRIA,1231,1230,1229
2029,TRIA,1115,1116,1200
2030,TRIA,1200,567,566
2031,TRIA,566,569,1228
2032,TRIA,1200,566,1228
2033,TRIA,1115,1200,1228
2034,TRIA,1115,1228,1117
2035,TRIA,211,26,27
2036,TRIA,211,267,26
2037,TRIA,1232,1233,344
2038,TRIA,40,1233,1232
2039,TRIA,344,1233,269
2040,TRIA,40,1232,46
2041,TRIA,1233,194,269
2042,TRIA,1233,193,194
2043,TRIA,193,40,39
2044,TRIA,193,1233,40
2045,TRIA,395,315,311
2046,TRIA,395,311,458
2047,TRIA,264,454,458
2048,TRIA,311,264,458
2049,TRIA,42,184,183
2050,TRIA,42,45,184
2051,TRIA,45,181,184
2052,TRIA,45,36,181
2053,TRIA,344,46,1232
2054,TRIA,46,343,36
2055,TRIA,46,344,343
2056,TRIA,36,179,181
2057,TRIA,36,1086,179
2058,TRIA,36,343,1086
2059,TRIA,396,451,464
2060,TRIA,795,396,467
2061,TRIA,795,397,396
2062,TRIA,467,396,464
2063,TRIA,794,467,466
2064,TRIA,794,795,467
2065,TRIA,468,676,466
2066,TRIA,466,676,794
2067,TRIA,1234,958,597
2068,TRIA,597,958,598
2069,TRIA,1234,1235,958
2070,TRIA,958,1236,959
2071,TRIA,958,1235,1236
2072,TRIA,959,737,603
2073,TRIA,600,959,603
2074,TRIA,959,1236,737
2075,TRIA,960,1237,956
2076,TRIA,960,1005,1237
2077,TRIA,1005,1238,1237
2078,TRIA,1215,1238,1005
2079,TRIA,1214,1216,1221
2080,TRIA,1221,1220,1214
2081,TRIA,1214,1220,1237
2082,TRIA,1214,1237,1238
2083,TRIA,1214,1238,1215
2084,TRIA,12,13,1218
2085,TRIA,1218,13,1220
2086,TRIA,954,965,484
2087,TRIA,484,965,485
2088,TRIA,501,1002,503
2089,TRIA,501,963,1002
2090,TRIA,963,485,965
2091,TRIA,963,501,485
2092,TRIA,503,1239,504
2093,TRIA,1002,1239,503
2094,TRIA,1239,1002,1240
2095,TRIA,1240,1002,1003
2096,TRIA,504,938,509
2097,TRIA,504,1240,938
2098,TRIA,939,509,938
2099,TRIA,507,509,939
2100,TRIA,1240,504,1239
2101,TRIA,939,1015,1179
2102,TRIA,507,939,1179
2103,TRIA,1003,938,1240
2104,TRIA,1179,511,507
2105,TRIA,15,13,11
2106,TRIA,20,13,15
2107,TRIA,20,15,21
2108,TRIA,8,15,11
2109,TRIA,21,15,14
2110,TRIA,1064,1063,650
2111,TRIA,1064,650,649
2112,TRIA,649,646,1064
2113,TRIA,649,642,646
2114,TRIA,1168,651,650
2115,TRIA,1168,1241,651
2116,TRIA,1241,653,651
2117,TRIA,1241,226,653
2118,TRIA,1242,425,422
2119,TRIA,679,425,1242
2120,TRIA,427,425,679
2121,TRIA,1242,1096,1243
2122,TRIA,1243,680,679
2123,TRIA,1242,1243,679
2124,TRIA,669,1025,672
2125,TRIA,1025,673,672
2126,TRIA,669,672,670
2127,TRIA,1025,972,673
2128,TRIA,326,325,625
2129,TRIA,625,325,624
2130,TRIA,884,1244,883
2131,TRIA,884,1245,1244
2132,TRIA,879,1246,881
2133,TRIA,1246,879,1244
2134,TRIA,1247,1248,1249
2135,TRIA,1247,1250,1248
2136,TRIA,1250,1247,888
2137,TRIA,1251,1252,1253
2138,TRIA,1254,1251,719
2139,TRIA,1255,1256,84
2140,TRIA,84,1256,81
2141,TRIA,80,1256,1257
2142,TRIA,81,1256,80
2143,TRIA,1258,1256,1255
2144,TRIA,1256,1259,1257
2145,TRIA,78,1260,1261
2146,TRIA,78,1257,1260
2147,TRIA,74,1261,1252
2148,TRIA,75,1261,74
2149,TRIA,78,1261,75
2150,TRIA,1261,1253,1252
2151,TRIA,1244,879,880
2152,TRIA,1244,880,883
2153,TRIA,1262,1258,1263
2154,TRIA,1259,1262,1248
2155,TRIA,1264,1262,1263
2156,TRIA,1262,1249,1248
2157,TRIA,855,876,877
2158,TRIA,1081,1265,858
2159,TRIA,1077,1081,858
2160,TRIA,1078,1077,858
2161,TRIA,1078,856,1266
2162,TRIA,1267,860,863
2163,TRIA,1268,860,1267
2164,TRIA,859,860,1268
2165,TRIA,1079,1078,1266
2166,TRIA,1078,858,856
2167,TRIA,859,1266,856
2168,TRIA,1268,1266,859
2169,TRIA,1079,1266,1268
2170,TRIA,1267,863,1269
2171,TRIA,1269,863,861
2172,TRIA,1079,1268,1270
2173,TRIA,1268,1271,1270
2174,TRIA,1080,1079,1270
2175,TRIA,901,1270,1271
2176,TRIA,1080,1270,901
2177,TRIA,1268,1267,1271
2178,TRIA,1267,1272,1271
2179,TRIA,901,1271,1273
2180,TRIA,1271,1274,1273
2181,TRIA,1267,1269,1272
2182,TRIA,1249,1269,862
2183,TRIA,1269,1264,1272
2184,TRIA,862,1269,861
2185,TRIA,1249,862,864
2186,TRIA,899,901,1273
2187,TRIA,1275,1136,1137
2188,TRIA,1134,1136,1275
2189,TRIA,1137,1138,1275
2190,TRIA,1275,1138,1246
2191,TRIA,1246,1138,583
2192,TRIA,583,581,1246
2193,TRIA,1246,581,881
2194,TRIA,1246,1244,1276
2195,TRIA,1277,1135,1132
2196,TRIA,89,1135,1277
2197,TRIA,1277,1132,1134
2198,TRIA,1277,1134,1275
2199,TRIA,1275,1246,1276
2200,TRIA,885,1273,1274
2201,TRIA,899,1273,885
2202,TRIA,1271,1272,1274
2203,TRIA,884,1274,1245
2204,TRIA,1276,1244,1245
2205,TRIA,1247,855,888
2206,TRIA,1247,865,855
2207,TRIA,864,865,1247
2208,TRIA,864,1247,1249
2209,TRIA,1262,1264,1249
2210,TRIA,1269,1249,1264
2211,TRIA,1272,1245,1274
2212,TRIA,1272,1264,1245
2213,TRIA,885,1274,884
2214,TRIA,1276,1245,1263
2215,TRIA,1263,1245,1264
2216,TRIA,1278,1276,1263
2217,TRIA,1275,1276,1278
2218,TRIA,1262,1259,1258
2219,TRIA,1278,1263,1258
2220,TRIA,1255,1278,1258
2221,TRIA,1278,1277,1275
2222,TRIA,1279,1257,1259
2223,TRIA,1260,1279,1280
2224,TRIA,1248,1279,1259
2225,TRIA,1279,1250,1280
2226,TRIA,1256,1258,1259
2227,TRIA,1279,1260,1257
2228,TRIA,1250,888,887
2229,TRIA,1279,1248,1250
2230,TRIA,877,888,855
2231,TRIA,1250,913,912
2232,TRIA,887,913,1250
2233,TRIA,346,912,911
2234,TRIA,1250,912,346
2235,TRIA,911,909,347
2236,TRIA,346,911,347
2237,TRIA,1250,714,1280
2238,TRIA,1280,714,715
2239,TRIA,346,714,1250
2240,TRIA,86,89,1277
2241,TRIA,86,1277,1255
2242,TRIA,1278,1255,1277
2243,TRIA,84,86,1255
2244,TRIA,1253,1280,717
2245,TRIA,717,1280,716
2246,TRIA,1260,1280,1253
2247,TRIA,716,1280,715
2248,TRIA,708,712,709
2249,TRIA,708,707,712
2250,TRIA,67,712,707
2251,TRIA,713,712,67
2252,TRIA,713,67,69
2253,TRIA,720,721,1254
2254,TRIA,1254,721,713
2255,TRIA,1251,1254,1252
2256,TRIA,1251,1253,717
2257,TRIA,1261,1260,1253
2258,TRIA,74,1252,72
2259,TRIA,72,1252,1254
2260,TRIA,78,80,1257
2261,TRIA,69,72,1254
2262,TRIA,713,69,1254
2263,TRIA,1251,717,718
2264,TRIA,719,1251,718
2265,TRIA,1254,719,720
2266,TRIA,1196,986,971
2267,TRIA,1196,1199,986
2268,TRIA,887,914,913
2269,TRIA,914,886,906
2270,TRIA,914,887,886
2271,TRIA,906,886,890
2272,TRIA,804,808,813
2273,TRIA,813,814,1048
2274,TRIA,1049,804,1048
2275,TRIA,800,804,1049
2276,TRIA,1048,804,813
2277,TRIA,1281,1125,1127
2278,TRIA,1281,1127,103
2279,TRIA,1281,1282,1125
2280,TRIA,1127,1126,103
2281,TRIA,1126,107,103
2282,TRIA,112,108,1283
2283,TRIA,112,110,108
2284,TRIA,1283,113,112
2285,TRIA,1283,56,113
2286,TRIA,635,637,633
2287,TRIA,635,955,637
2288,TRIA,825,636,637
2289,TRIA,825,826,636
2290,TRIA,955,825,637
2291,TRIA,826,1235,634
2292,TRIA,826,1236,1235
2293,TRIA,826,741,1236
2294,TRIA,634,1284,827
2295,TRIA,634,1235,1284
2296,TRIA,828,827,1284
2297,TRIA,636,634,631
2298,TRIA,636,826,634
2299,TRIA,739,741,740
2300,TRIA,739,737,1236
2301,TRIA,739,736,737
2302,TRIA,1235,1285,1284
2303,TRIA,1235,1234,1285
2304,TRIA,741,739,1236
2305,TRIA,565,358,363
2306,TRIA,565,400,358
2307,TRIA,1222,1224,1223
2308,TRIA,1224,1226,1227
2309,TRIA,1224,1225,1226
2310,TRIA,1224,1227,1223
2311,TRIA,697,989,699
2312,TRIA,697,698,989
2313,TRIA,694,691,700
2314,TRIA,991,700,699
2315,TRIA,694,700,991
2316,TRIA,991,699,989
2317,TRIA,173,51,50
2318,TRIA,173,196,51
2319,TRIA,196,34,51
2320,TRIA,196,35,34
2321,TRIA,267,28,26
2322,TRIA,267,170,28
2323,TRIA,186,42,183
2324,TRIA,186,44,42
2325,TRIA,1149,1286,1150
2326,TRIA,1150,1286,1287
2327,TRIA,1287,1286,1288
2328,TRIA,1288,1286,1146
2329,TRIA,1289,1287,1288
2330,TRIA,1150,1287,1151
2331,TRIA,607,632,634
2332,TRIA,607,634,605
2333,TRIA,605,634,827
2334,TRIA,1241,229,226
2335,TRIA,660,229,1241
2336,TRIA,231,229,660
2337,TRIA,1241,1168,1167
2338,TRIA,1167,661,660
2339,TRIA,1241,1167,660
2340,TRIA,1019,1144,979
2341,TRIA,1019,1131,1144
2342,TRIA,1130,917,1144
2343,TRIA,917,979,1144
2344,TRIA,1130,918,917
2345,TRIA,1188,1193,1189
2346,TRIA,1189,1193,1192
2347,TRIA,1192,1190,1189
2348,TRIA,1191,1190,1192
2349,TRIA,643,132,135
2350,TRIA,643,652,132
2351,TRIA,652,134,132
2352,TRIA,652,653,134
2353,TRIA,119,228,121
2354,TRIA,119,118,228
2355,TRIA,230,1290,227
2356,TRIA,230,664,1290
2357,TRIA,227,121,228
2358,TRIA,227,1290,121
2359,TRIA,663,1290,664
2360,TRIA,663,1291,1290
2361,TRIA,1291,121,1290
2362,TRIA,1291,122,121
2363,TRIA,1187,1155,1154
2364,TRIA,1213,1155,1187
2365,TRIA,1187,574,1213
2366,TRIA,1213,574,571
2367,TRIA,1210,1164,1292
2368,TRIA,1292,1164,1163
2369,TRIA,1287,356,1151
2370,TRIA,354,356,1287
2371,TRIA,1293,354,1289
2372,TRIA,1293,1163,354
2373,TRIA,1292,1163,1293
2374,TRIA,354,1287,1289
2375,TRIA,1211,1164,1210
2376,TRIA,922,1164,1211
2377,TRIA,922,1211,921
2378,TRIA,560,1282,1294
2379,TRIA,563,560,1294
2380,TRIA,101,563,1294
2381,TRIA,101,65,563
2382,TRIA,1294,1281,106
2383,TRIA,106,1281,103
2384,TRIA,1282,1281,1294
2385,TRIA,106,101,1294
2386,TRIA,56,1295,52
2387,TRIA,1283,107,1295
2388,TRIA,1283,108,107
2389,TRIA,56,1283,1295
2390,TRIA,526,1062,524
2391,TRIA,950,1062,526
2392,TRIA,524,1062,1061
2393,TRIA,527,1061,1060
2394,TRIA,524,1061,527
2395,TRIA,1059,529,1060
2396,TRIA,1059,1296,529
2397,TRIA,527,1060,529
2398,TRIA,797,1051,1050
2399,TRIA,517,797,515
2400,TRIA,798,797,517
2401,TRIA,515,797,1050
2402,TRIA,1057,1066,536
2403,TRIA,536,1066,532
2404,TRIA,532,1066,950
2405,TRIA,1056,513,1055
2406,TRIA,1056,534,513
2407,TRIA,1055,515,1050
2408,TRIA,1057,534,1056
2409,TRIA,1057,536,534
2410,TRIA,1055,513,515
2411,TRIA,950,526,532
2412,TRIA,1296,478,529
2413,TRIA,1051,797,796
2414,TRIA,796,800,1052
2415,TRIA,1052,800,1049
2416,TRIA,1051,796,1052
2417,TRIA,19,956,1237
2418,TRIA,19,1237,20
2419,TRIA,1237,13,20
2420,TRIA,1237,1220,13
2421,TRIA,559,1125,560
2422,TRIA,560,1125,1282
2423,TRIA,55,52,1295
2424,TRIA,1128,107,1126
2425,TRIA,1295,107,1128
2426,TRIA,1295,1128,55
2427,TRIA,1145,1181,1297
2428,TRIA,1297,1181,1292
2429,TRIA,1292,1181,1208
2430,TRIA,1208,1181,1182
2431,TRIA,1297,1292,1293
2432,TRIA,1210,1292,1208
2433,TRIA,1297,1293,1289
2434,TRIA,1145,1288,1146
2435,TRIA,1297,1288,1145
2436,TRIA,1289,1288,1297
2437,TRIA,1298,707,706
2438,TRIA,67,707,1298
2439,TRIA,71,1298,492
2440,TRIA,68,1298,71
2441,TRIA,492,1298,706
2442,TRIA,67,1298,68
2443,TRIA,657,1299,656
2444,TRIA,657,724,1299
2445,TRIA,724,102,1299
2446,TRIA,724,66,102
2447,TRIA,1299,102,105
2448,TRIA,104,791,105
2449,TRIA,105,791,655
2450,TRIA,655,791,654
2451,TRIA,1299,105,655
2452,TRIA,1299,655,656
2453,TRIA,1096,674,673
2454,TRIA,1096,1242,674
2455,TRIA,1242,551,674
2456,TRIA,1242,422,551
2457,TRIA,1027,1243,1096
2458,TRIA,1243,1029,680
2459,TRIA,1243,1027,1029
2460,TRIA,680,1029,681
2461,TRIA,604,1284,1016
2462,TRIA,604,606,1284
2463,TRIA,1284,606,828
2464,TRIA,1016,1285,599
2465,TRIA,596,1016,599
2466,TRIA,1016,1284,1285
2467,TRIA,1234,599,1285
2468,TRIA,1234,597,599
2469,TRIA,493,1058,1300
2470,TRIA,1058,962,1300
2471,TRIA,480,1058,493
2472,TRIA,1058,1296,1059
2473,TRIA,478,1296,1058
2474,TRIA,478,1058,480
2475,TRIA,997,1301,539
2476,TRIA,1301,997,998
2477,TRIA,997,539,500
2478,TRIA,1037,498,522
2479,TRIA,1070,1037,522
2480,TRIA,1037,1034,498
2481,TRIA,1034,497,498
2482,TRIA,933,499,497
2483,TRIA,933,995,499
2484,TRIA,995,500,499
2485,TRIA,1034,933,497
2486,TRIA,995,997,500
2487,TRIA,1071,1070,521
2488,TRIA,521,1070,522
2489,TRIA,520,1071,521
2490,TRIA,1072,1071,520
2491,TRIA,518,961,1072
2492,TRIA,519,961,518
2493,TRIA,962,961,519
2494,TRIA,518,1072,520
2495,TRIA,1300,962,519
2496,TRIA,493,1300,519
2497,TRIA,998,930,1301
2498,TRIA,1301,930,539
2499,TRIA,930,481,539
2500,TRIA,999,1302,930
2501,TRIA,930,482,481
2502,TRIA,1302,482,930
2503,TRIA,676,248,250
2504,TRIA,676,468,248
2505,TRIA,1303,663,662
2506,TRIA,1303,1291,663
2507,TRIA,1291,124,122
2508,TRIA,1291,1303,124
2509,TRIA,370,564,567
2510,TRIA,373,564,370
2511,TRIA,369,370,567
2512,TRIA,371,567,1114
2513,TRIA,369,567,371
2514,TRIA,1177,371,1114
2515,TRIA,1176,1177,1114
2516,TRIA,572,574,1178
2517,TRIA,1178,1176,1114
2518,TRIA,572,1178,1114
2519,TRIA,1161,1160,1304
2520,TRIA,1160,1111,1304
2521,TRIA,1170,1111,1165
2522,TRIA,1170,1171,1111
2523,TRIA,1160,1165,1111
2524,TRIA,1305,1304,1111
2525,TRIA,1306,1304,1305
2526,TRIA,1305,964,953
2527,TRIA,1111,964,1305
2528,TRIA,1112,1109,1111
2529,TRIA,1112,1111,1171
2530,TRIA,1265,1082,815
2531,TRIA,1081,1082,1265
2532,TRIA,815,1082,816
2533,TRIA,815,819,857
2534,TRIA,857,858,1265
2535,TRIA,857,1265,815
2536,TRIA,1307,662,667
2537,TRIA,1303,662,1307
2538,TRIA,1303,1307,127
2539,TRIA,127,124,1303
2540,TRIA,647,722,129
2541,TRIA,647,127,644
2542,TRIA,647,129,127
2543,TRIA,1307,644,127
2544,TRIA,1307,667,644
2545,TRIA,667,665,644
2546,TRIA,665,648,644
2547,TRIA,665,668,648
2548,TRIA,668,225,648
2549,TRIA,668,224,225
2550,TRIA,1308,578,682
2551,TRIA,577,578,1308
2552,TRIA,577,1308,240
2553,TRIA,240,237,577
2554,TRIA,259,258,244
2555,TRIA,259,240,391
2556,TRIA,259,244,240
2557,TRIA,1308,391,240
2558,TRIA,1308,682,391
2559,TRIA,682,389,391
2560,TRIA,953,1230,1305
2561,TRIA,953,952,1230
2562,TRIA,1230,1306,1305
2563,TRIA,1230,1231,1306
2564,TRIA,1231,1304,1306
2565,TRIA,1231,1229,1304
2566,TRIA,354,357,352
2567,TRIA,357,1304,1229
2568,TRIA,354,1161,1304
2569,TRIA,357,354,1304
2570,TRIA,354,1163,1161
2571,TRIA,1163,1159,1161
2572,TRIA,627,1202,1069
2573,TRIA,1069,1202,1201
2574,TRIA,627,1203,1202
2575,TRIA,627,626,1203
2576,TRIA,1201,1033,1069
2577,TRIA,1203,138,137
2578,TRIA,1203,626,138
2579,TRIA,1205,1146,1286
2580,TRIA,1205,1286,1207
2581,TRIA,1205,1148,1146
2582,TRIA,1286,1149,1207
2583,TRIA,1149,404,1207
2584,TRIA,1309,405,403
2585,TRIA,1309,1310,405
2586,TRIA,403,565,1309
2587,TRIA,403,400,565
2588,TRIA,782,152,300
2589,TRIA,300,152,154
2590,TRIA,93,152,782
2591,TRIA,300,299,782
2592,TRIA,99,157,156
2593,TRIA,97,160,157
2594,TRIA,97,96,160
2595,TRIA,99,97,157
2596,TRIA,1207,367,366
2597,TRIA,1207,366,1206
2598,TRIA,365,547,1206
2599,TRIA,366,365,1206
2600,TRIA,1207,404,405
2601,TRIA,374,1207,1310
2602,TRIA,374,367,1207
2603,TRIA,1310,1207,405
2604,TRIA,372,1310,1309
2605,TRIA,372,374,1310
2606,TRIA,565,373,1309
2607,TRIA,1309,373,372
2608,TRIA,545,1000,541
2609,TRIA,1012,1000,545
2610,TRIA,541,1000,954
2611,TRIA,541,954,484
2612,TRIA,1302,1011,543
2613,TRIA,999,1011,1302
2614,TRIA,1011,545,543
2615,TRIA,1011,1012,545
2616,TRIA,1302,543,482
